,Train,Dev
Samples,43410.0,5426.0
Avg Tokens,12.840175074867542,12.790637670475489
Min Tokens,1.0,1.0
Max Tokens,33.0,30.0
Single-label (%),83.63971435153191,83.81865093991891
Multi-label (2+) (%),16.360285648468096,16.18134906008109
Neutral-only (%),29.53927666436305,29.34021378547733
Total Label Assignments,51103.0,6380.0
Avg Labels per Sample,1.1772172310527529,1.1758201253225211
