,Train,Dev
Samples,43410.0,5426.0
Avg Tokens,12.840175074867542,12.790637670475489
Min Tokens,1.0,1.0
Max Tokens,33.0,30.0
