Label,Precision,Recall,F1
caring,0.02821869488536155,0.9411764705882353,0.0547945205479452
desire,0.014213577707125492,0.987012987012987,0.028023598820058997
disgust_group,0.05025996533795494,0.2230769230769231,0.08203677510608204
fear_group,0.03076923076923077,0.13333333333333333,0.05
pride,0.0,0.0,0.0
remorse_group,0.01664895501239816,0.5465116279069767,0.03231350979718116
